# Originally captured: 2026-08-17T22:01:59+05:30; normalized rows reverified unchanged on 2026-08-18
# GitHub main: 1780866c61c0b7cb0e7a9652735ccdc312d671ad
# Remote deployed baseline: NOT CONNECTED / NOT INSPECTABLE FROM THIS ENVIRONMENT
# Source: php artisan route:list --json (rendered TSV)
method	uri	name	action	middleware
GET|HEAD	/		Closure	web
GET|HEAD	academic-years	academic-years.index	App\Http\Controllers\AcademicYearController@index	web,auth
POST	academic-years	academic-years.store	App\Http\Controllers\AcademicYearController@store	web,auth
GET|HEAD	academic-years/create	academic-years.create	App\Http\Controllers\AcademicYearController@create	web,auth
GET|HEAD	academic-years/{academic_year}	academic-years.show	App\Http\Controllers\AcademicYearController@show	web,auth
PUT|PATCH	academic-years/{academic_year}	academic-years.update	App\Http\Controllers\AcademicYearController@update	web,auth
DELETE	academic-years/{academic_year}	academic-years.destroy	App\Http\Controllers\AcademicYearController@destroy	web,auth
GET|HEAD	academic-years/{academic_year}/edit	academic-years.edit	App\Http\Controllers\AcademicYearController@edit	web,auth
GET|HEAD	administrator/mark-audit	mark-audit.index	App\Http\Controllers\Administrator\MarkAuditController@index	web,auth
GET|HEAD	administrator/marks-correction	result-generation.admin-marks.index	App\Http\Controllers\Administrator\AdminMarksController@index	web,auth
GET|HEAD	administrator/marks-correction/edit	result-generation.admin-marks.edit	App\Http\Controllers\Administrator\AdminMarksController@edit	web,auth
POST	administrator/marks-correction/reopen	admin-marks.reopen	App\Http\Controllers\Administrator\AdminMarksController@reopen	web,auth
POST	administrator/marks-correction/update	result-generation.admin-marks.update	App\Http\Controllers\Administrator\AdminMarksController@update	web,auth
PUT	administrator/marks-correction/update	admin-marks.update	App\Http\Controllers\Administrator\AdminMarksController@update	web,auth
GET|HEAD	administrator/result-generation	administrator.result-generation.index	App\Http\Controllers\Administrator\ResultGenerationController@index	web,auth
POST	administrator/result-generation/generate	administrator.result-generation.generate	App\Http\Controllers\Administrator\ResultGenerationController@generate	web,auth
GET|HEAD	administrator/result-register	administrator.result-register	App\Http\Controllers\Administrator\ResultRegisterController@index	web,auth
POST	administrator/result-register	administrator.result-register.search	App\Http\Controllers\Administrator\ResultRegisterController@search	web,auth
GET|HEAD	administrator/result-sheet	result-sheet.index	App\Http\Controllers\Administrator\ResultSheetController@index	web,auth
POST	administrator/result-sheet	result-sheet.search	App\Http\Controllers\Administrator\ResultSheetController@search	web,auth
GET|HEAD	analytics	analytics.index	App\Http\Controllers\AnalyticsController@index	web,auth
GET|HEAD	confirm-password	password.confirm	App\Http\Controllers\Auth\ConfirmablePasswordController@show	web,auth
POST	confirm-password		App\Http\Controllers\Auth\ConfirmablePasswordController@store	web,auth
GET|HEAD	dashboard	dashboard	App\Http\Controllers\DashboardController@index	web,auth
GET|HEAD	divisions	divisions.index	App\Http\Controllers\DivisionController@index	web,auth
POST	divisions	divisions.store	App\Http\Controllers\DivisionController@store	web,auth
GET|HEAD	divisions/create	divisions.create	App\Http\Controllers\DivisionController@create	web,auth
GET|HEAD	divisions/{division}	divisions.show	App\Http\Controllers\DivisionController@show	web,auth
PUT|PATCH	divisions/{division}	divisions.update	App\Http\Controllers\DivisionController@update	web,auth
DELETE	divisions/{division}	divisions.destroy	App\Http\Controllers\DivisionController@destroy	web,auth
GET|HEAD	divisions/{division}/edit	divisions.edit	App\Http\Controllers\DivisionController@edit	web,auth
POST	email/verification-notification	verification.send	App\Http\Controllers\Auth\EmailVerificationNotificationController@store	web,auth,throttle:6,1
GET|HEAD	erp-student-sync/{year}		App\Http\Controllers\ErpStudentSyncController@sync	web,auth
GET|HEAD	erp-sync/students/{year}		App\Http\Controllers\ErpSyncController@syncStudents	web,auth
GET|HEAD	exam-master-subjects/{standard}	exam-master-subjects	App\Http\Controllers\ExamMasterController@getSubjects	web,auth
GET|HEAD	exam-masters	exam-masters.index	App\Http\Controllers\ExamMasterController@index	web,auth
POST	exam-masters	exam-masters.store	App\Http\Controllers\ExamMasterController@store	web,auth
GET|HEAD	exam-masters/create	exam-masters.create	App\Http\Controllers\ExamMasterController@create	web,auth
GET|HEAD	exam-masters/load-subjects/{standardId}	exam-masters.load-subjects	App\Http\Controllers\ExamMasterController@loadSubjects	web,auth
GET|HEAD	exam-masters/{exam_master}	exam-masters.show	App\Http\Controllers\ExamMasterController@show	web,auth
PUT|PATCH	exam-masters/{exam_master}	exam-masters.update	App\Http\Controllers\ExamMasterController@update	web,auth
DELETE	exam-masters/{exam_master}	exam-masters.destroy	App\Http\Controllers\ExamMasterController@destroy	web,auth
GET|HEAD	exam-masters/{exam_master}/edit	exam-masters.edit	App\Http\Controllers\ExamMasterController@edit	web,auth
GET|HEAD	exam-pattern-details	exam-pattern-details.index	App\Http\Controllers\ExamPatternDetailController@index	web,auth
POST	exam-pattern-details	exam-pattern-details.store	App\Http\Controllers\ExamPatternDetailController@store	web,auth
GET|HEAD	exam-pattern-details/create	exam-pattern-details.create	App\Http\Controllers\ExamPatternDetailController@create	web,auth
GET|HEAD	exam-pattern-details/get-subjects/{standard}	exam-pattern-details.getSubjects	App\Http\Controllers\ExamPatternDetailController@getSubjects	web,auth
PUT|PATCH	exam-pattern-details/{exam_pattern_detail}	exam-pattern-details.update	App\Http\Controllers\ExamPatternDetailController@update	web,auth
DELETE	exam-pattern-details/{exam_pattern_detail}	exam-pattern-details.destroy	App\Http\Controllers\ExamPatternDetailController@destroy	web,auth
GET|HEAD	exam-pattern-details/{exam_pattern_detail}/edit	exam-pattern-details.edit	App\Http\Controllers\ExamPatternDetailController@edit	web,auth
GET|HEAD	exam-patterns	exam-patterns.index	App\Http\Controllers\ExamPatternController@index	web,auth
POST	exam-patterns	exam-patterns.store	App\Http\Controllers\ExamPatternController@store	web,auth
GET|HEAD	exam-patterns/create	exam-patterns.create	App\Http\Controllers\ExamPatternController@create	web,auth
GET|HEAD	exam-patterns/{exam_pattern}	exam-patterns.show	App\Http\Controllers\ExamPatternController@show	web,auth
PUT|PATCH	exam-patterns/{exam_pattern}	exam-patterns.update	App\Http\Controllers\ExamPatternController@update	web,auth
DELETE	exam-patterns/{exam_pattern}	exam-patterns.destroy	App\Http\Controllers\ExamPatternController@destroy	web,auth
GET|HEAD	exam-patterns/{exam_pattern}/edit	exam-patterns.edit	App\Http\Controllers\ExamPatternController@edit	web,auth
GET|HEAD	exam-progress	exam-progress.index	App\Http\Controllers\ExamProgressController@index	web,auth
GET|HEAD	exam-subjects	exam-subjects.index	App\Http\Controllers\ExamSubjectController@index	web,auth
POST	exam-subjects/save	exam-subjects.save	App\Http\Controllers\ExamSubjectController@save	web,auth
GET|HEAD	forgot-password	password.request	App\Http\Controllers\Auth\PasswordResetLinkController@create	web,guest
POST	forgot-password	password.email	App\Http\Controllers\Auth\PasswordResetLinkController@store	web,guest
GET|HEAD	login	login	App\Http\Controllers\Auth\AuthenticatedSessionController@create	web,guest
POST	login		App\Http\Controllers\Auth\AuthenticatedSessionController@store	web,guest
POST	logout	logout	App\Http\Controllers\Auth\AuthenticatedSessionController@destroy	web,auth
GET|HEAD	marks-correction/subjects	admin-marks.subjects	App\Http\Controllers\Administrator\AdminMarksController@getSubjects	web,auth
GET|HEAD	marks-entry	marks-entry.index	App\Http\Controllers\Marks\MarkEntryController@index	web,auth
POST	marks-entry/absent-warning	marks-entry.absent-warning	App\Http\Controllers\Marks\MarkEntryController@absentWarning	web,auth
POST	marks-entry/autosave	marks-entry.autosave	App\Http\Controllers\Marks\MarkSaveController@autoSave	web,auth
GET|HEAD	marks-entry/edit	marks-entry.edit	App\Http\Controllers\Marks\MarkEditController@edit	web,auth
POST	marks-entry/save	marks-entry.save	App\Http\Controllers\Marks\MarkSaveController@save	web,auth
POST	marks-entry/submit	marks-entry.submit	App\Http\Controllers\Marks\MarkSubmitController@submitFinal	web,auth
POST	marks-entry/update	marks-entry.update	App\Http\Controllers\Marks\MarkEditController@updateMarks	web,auth
GET|HEAD	marks-entry/view	marks-entry.view	App\Http\Controllers\Marks\MarkViewController@viewMarks	web,auth
POST	marks-view/search	marks-view.search	App\Http\Controllers\Marks\MarkViewController@searchMarks	web,auth
PUT	password	password.update	App\Http\Controllers\Auth\PasswordController@update	web,auth
GET|HEAD	profile	profile.edit	App\Http\Controllers\ProfileController@edit	web,auth
PATCH	profile	profile.update	App\Http\Controllers\ProfileController@update	web,auth
DELETE	profile	profile.destroy	App\Http\Controllers\ProfileController@destroy	web,auth
GET|HEAD	report-card	report-card.index	App\Http\Controllers\Administrator\ReportCardController@index	web,auth
GET|HEAD	report-card/print/{student}/{exam}/{year}	report-card.print	App\Http\Controllers\Administrator\ReportCardController@print	web,auth
GET|POST|HEAD	report-card/search	report-card.search	App\Http\Controllers\Administrator\ReportCardController@search	web,auth
POST	report-card/show	report-card.show	App\Http\Controllers\Administrator\ReportCardController@show	web,auth
POST	reset-password	password.store	App\Http\Controllers\Auth\NewPasswordController@store	web,guest
GET|HEAD	reset-password/{token}	password.reset	App\Http\Controllers\Auth\NewPasswordController@create	web,guest
GET|HEAD	result-register	result-register.index	App\Http\Controllers\Administrator\ResultRegisterController@index	web,auth
POST	result-register/search	result-register.search	App\Http\Controllers\Administrator\ResultRegisterController@search	web,auth
GET|HEAD	result-sheet-print	result-sheet.print	App\Http\Controllers\Administrator\ResultSheetController@print	web,auth
GET|HEAD	role-permissions	role-permissions.index	App\Http\Controllers\RolePermissionController@index	web,auth
POST	role-permissions	role-permissions.store	App\Http\Controllers\RolePermissionController@store	web,auth
GET|HEAD	roles	roles.index	App\Http\Controllers\RoleController@index	web,auth
POST	roles	roles.store	App\Http\Controllers\RoleController@store	web,auth
GET|HEAD	roles/create	roles.create	App\Http\Controllers\RoleController@create	web,auth
GET|HEAD	roles/{role}	roles.show	App\Http\Controllers\RoleController@show	web,auth
PUT|PATCH	roles/{role}	roles.update	App\Http\Controllers\RoleController@update	web,auth
DELETE	roles/{role}	roles.destroy	App\Http\Controllers\RoleController@destroy	web,auth
GET|HEAD	roles/{role}/edit	roles.edit	App\Http\Controllers\RoleController@edit	web,auth
GET|HEAD	sections	sections.index	App\Http\Controllers\SectionController@index	web,auth
POST	sections	sections.store	App\Http\Controllers\SectionController@store	web,auth
GET|HEAD	sections/create	sections.create	App\Http\Controllers\SectionController@create	web,auth
GET|HEAD	sections/{section}	sections.show	App\Http\Controllers\SectionController@show	web,auth
PUT|PATCH	sections/{section}	sections.update	App\Http\Controllers\SectionController@update	web,auth
DELETE	sections/{section}	sections.destroy	App\Http\Controllers\SectionController@destroy	web,auth
GET|HEAD	sections/{section}/edit	sections.edit	App\Http\Controllers\SectionController@edit	web,auth
GET|HEAD	selection	selection.index	App\Http\Controllers\SelectionController@index	web,auth
GET|HEAD	selection/{yearid}/{sectionid}	selection.select	App\Http\Controllers\SelectionController@select	web,auth
GET|HEAD	standard-subject-allocation	standard-subject-allocation.index	App\Http\Controllers\StandardSubjectController@index	web,auth
POST	standard-subject-allocation/save	standard-subject-allocation.save	App\Http\Controllers\StandardSubjectController@save	web,auth
GET|HEAD	standards	standards.index	App\Http\Controllers\StandardController@index	web,auth
POST	standards	standards.store	App\Http\Controllers\StandardController@store	web,auth
GET|HEAD	standards/create	standards.create	App\Http\Controllers\StandardController@create	web,auth
GET|HEAD	standards/{standard}	standards.show	App\Http\Controllers\StandardController@show	web,auth
PUT|PATCH	standards/{standard}	standards.update	App\Http\Controllers\StandardController@update	web,auth
DELETE	standards/{standard}	standards.destroy	App\Http\Controllers\StandardController@destroy	web,auth
GET|HEAD	standards/{standard}/edit	standards.edit	App\Http\Controllers\StandardController@edit	web,auth
GET|HEAD	storage/{path}	storage.local	Closure	
PUT	storage/{path}	storage.local.upload	Closure	
GET|HEAD	student-profile	student-profile.index	App\Http\Controllers\StudentProfileController@index	web,auth
GET|HEAD	student-skill-subject-allocation	student-skill-subject-allocation.index	App\Http\Controllers\StudentSkillSubjectController@index	web,auth
POST	student-skill-subject-allocation/save	student-skill-subject-allocation.save	App\Http\Controllers\StudentSkillSubjectController@save	web,auth
GET|HEAD	student-skill-subjects	student-skill-subjects.index	App\Http\Controllers\StudentSkillSubjectController@index	web,auth
POST	student-skill-subjects/save	student-skill-subjects.save	App\Http\Controllers\StudentSkillSubjectController@save	web,auth
GET|HEAD	students	students.index	App\Http\Controllers\StudentController@index	web,auth
POST	students	students.store	App\Http\Controllers\StudentController@store	web,auth
GET|HEAD	students/create	students.create	App\Http\Controllers\StudentController@create	web,auth
GET|HEAD	students/get-divisions	students.getDivisions	App\Http\Controllers\StudentController@getDivisions	web,auth
GET|HEAD	students/{student}	students.show	App\Http\Controllers\StudentController@show	web,auth
PUT|PATCH	students/{student}	students.update	App\Http\Controllers\StudentController@update	web,auth
DELETE	students/{student}	students.destroy	App\Http\Controllers\StudentController@destroy	web,auth
GET|HEAD	students/{student}/edit	students.edit	App\Http\Controllers\StudentController@edit	web,auth
GET|HEAD	subject-types	subject-types.index	App\Http\Controllers\SubjectTypeController@index	web,auth
POST	subject-types	subject-types.store	App\Http\Controllers\SubjectTypeController@store	web,auth
GET|HEAD	subject-types/create	subject-types.create	App\Http\Controllers\SubjectTypeController@create	web,auth
GET|HEAD	subject-types/{subject_type}	subject-types.show	App\Http\Controllers\SubjectTypeController@show	web,auth
PUT|PATCH	subject-types/{subject_type}	subject-types.update	App\Http\Controllers\SubjectTypeController@update	web,auth
DELETE	subject-types/{subject_type}	subject-types.destroy	App\Http\Controllers\SubjectTypeController@destroy	web,auth
GET|HEAD	subject-types/{subject_type}/edit	subject-types.edit	App\Http\Controllers\SubjectTypeController@edit	web,auth
GET|HEAD	subjects	subjects.index	App\Http\Controllers\SubjectController@index	web,auth
POST	subjects	subjects.store	App\Http\Controllers\SubjectController@store	web,auth
GET|HEAD	subjects/create	subjects.create	App\Http\Controllers\SubjectController@create	web,auth
GET|HEAD	subjects/{subject}	subjects.show	App\Http\Controllers\SubjectController@show	web,auth
PUT|PATCH	subjects/{subject}	subjects.update	App\Http\Controllers\SubjectController@update	web,auth
DELETE	subjects/{subject}	subjects.destroy	App\Http\Controllers\SubjectController@destroy	web,auth
GET|HEAD	subjects/{subject}/edit	subjects.edit	App\Http\Controllers\SubjectController@edit	web,auth
GET|HEAD	teacher-bulk-allocation	teacher-bulk-allocation.index	App\Http\Controllers\TeacherBulkAllocationController@index	web,auth
GET|HEAD	teacher-bulk-allocation/create	teacher-bulk-allocation.create	App\Http\Controllers\TeacherBulkAllocationController@create	web,auth
GET|HEAD	teacher-bulk-allocation/exam-details	teacher-bulk-allocation.exam-details	App\Http\Controllers\TeacherBulkAllocationController@getExamDetails	web
POST	teacher-bulk-allocation/get-standards	teacher-bulk-allocation.standards	App\Http\Controllers\TeacherBulkAllocationController@getStandards	web,auth
POST	teacher-bulk-allocation/get-subjects	teacher-bulk-allocation.subjects	App\Http\Controllers\TeacherBulkAllocationController@getSubjects	web,auth
POST	teacher-bulk-allocation/store	teacher-bulk-allocation.store	App\Http\Controllers\TeacherBulkAllocationController@store	web,auth
PUT	teacher-bulk-allocation/{id}	teacher-bulk-allocation.update	App\Http\Controllers\TeacherBulkAllocationController@update	web,auth
DELETE	teacher-bulk-allocation/{id}	teacher-bulk-allocation.destroy	App\Http\Controllers\TeacherBulkAllocationController@destroy	web,auth
GET|HEAD	teacher-bulk-allocation/{id}/edit	teacher-bulk-allocation.edit	App\Http\Controllers\TeacherBulkAllocationController@edit	web,auth
GET|HEAD	teacher-class-allocation	teacher-class-allocation.index	App\Http\Controllers\TeacherClassAllocationController@index	web,auth
POST	teacher-class-allocation	teacher-class-allocation.store	App\Http\Controllers\TeacherClassAllocationController@store	web,auth
GET|HEAD	teacher-class-allocation/create	teacher-class-allocation.create	App\Http\Controllers\TeacherClassAllocationController@create	web,auth
GET|HEAD	teacher-subject-allocation	teacher-subject-allocation.index	App\Http\Controllers\TeacherSubjectAllocationController@index	web,auth
POST	teacher-subject-allocation	teacher-subject-allocation.store	App\Http\Controllers\TeacherSubjectAllocationController@store	web,auth
GET|HEAD	teacher-subject-allocation/create	teacher-subject-allocation.create	App\Http\Controllers\TeacherSubjectAllocationController@create	web,auth
GET|HEAD	teacher-subject-allocation/subjects/{id}	teacher-subject-allocation.subjects	App\Http\Controllers\TeacherSubjectAllocationController@getSubjects	web,auth
GET|HEAD	test-page		Closure	web
GET|HEAD	up		Closure	
GET|HEAD	users	users.index	App\Http\Controllers\UserController@index	web,auth
POST	users	users.store	App\Http\Controllers\UserController@store	web,auth
GET|HEAD	users/create	users.create	App\Http\Controllers\UserController@create	web,auth
GET|HEAD	users/{user}	users.show	App\Http\Controllers\UserController@show	web,auth
PUT|PATCH	users/{user}	users.update	App\Http\Controllers\UserController@update	web,auth
DELETE	users/{user}	users.destroy	App\Http\Controllers\UserController@destroy	web,auth
GET|HEAD	users/{user}/edit	users.edit	App\Http\Controllers\UserController@edit	web,auth
GET|HEAD	verify-email	verification.notice	App\Http\Controllers\Auth\EmailVerificationPromptController	web,auth
GET|HEAD	verify-email/{id}/{hash}	verification.verify	App\Http\Controllers\Auth\VerifyEmailController	web,auth,signed,throttle:6,1
